term,estimate,std.error,statistic,p.value
(Intercept),2706.50801436349,167.9447600751021,16.115465663550236,1.1245764712693625e-41
pct.crowded,245.50002984909537,12.24828642663697,20.043622536063005,7.6742711126753325e-56
