term,estimate,std.error,statistic,p.value
(Intercept),3561.963495225369,1237.2565367168233,2.878920732702188,0.013858343680450044
pct.crowded,496.53897098877786,98.77469702067506,5.026985513150646,2.956605706961412e-4
