term,estimate,std.error,statistic,p.value
(Intercept),4159.103849159998,249.16097299029997,16.692437018705636,9.088113692630561e-44
pct.crowded,376.24292972836656,18.171421139665455,20.705201141757996,3.44069188461055e-58
