term,estimate,std.error,statistic,p.value
(Intercept),634.952287993143,54.56505835158867,11.636609712791708,9.533973210760171e-26
pct.crowded,88.70608437596977,3.979454097154044,22.29101836842622,9.48565085980574e-64
