term,estimate,std.error,statistic,p.value
(Intercept),641.8918042344242,54.921759765023104,11.687385964701237,6.390721444156422e-26
pct.crowded,89.52635972440393,4.005468490687831,22.351033326698367,5.8718737735412985e-64
