term,estimate,std.error,statistic,p.value
(Intercept),2405.660349751439,863.5504280135011,2.7857786548556116,0.016472971033712525
pct.crowded,321.6684520343534,68.9401436775256,4.6659092203084125,5.453147664845659e-4
