term,estimate,std.error,statistic,p.value
(Intercept),357.3480111550861,194.8703766131471,1.8337728769544406,0.09159397758521325
pct.crowded,128.03234144284184,15.556797508564316,8.229993439996733,2.8095838253140818e-6
