term,estimate,std.error,statistic,p.value
(Intercept),364.3030234904467,197.64624561991232,1.843207404966483,0.09012478263429219
pct.crowded,129.12654161466523,15.778399338452875,8.183754184746507,2.977662286319989e-6
